Event_ID,Event_Date,Market,Card_Type,Venue,Venue_Capacity,Room_Size,Headliner_Tier,Headliner_Is_Local,Tickets_Sold,Sell_Through,Latitude,Longitude,Gate,DAZN_Fee,Sponsorship,Hospitality,Fight_Week,Hotel_Commission,Purses,Fighter_Travel,Staff,Production,Gate_Tax,Officials_and_Medical,Marketing,Revenue,Costs,Profit,Profit_Without_DAZN,Break_Even_Sell_Through,Break_Even_Without_DAZN,Cushion
PE001,2024-01-27,New York,Big,463159.0,17000,Arena (15K+),Title,True,12655,0.744,40.6826,-73.9754,4112595.6,1350000.0,300000.0,302120.0,140746.27,29095.5,1832600.0,51900.0,123840.0,40000.0,205590.86,49060.0,311920.0,6234557.369999999,3078069.86,3156487.5099999993,1806487.5099999993,0.143,0.4,0.601
PE002,2024-01-27,Texas,Mid-sized,333100.0,18000,Arena (15K+),Contender,False,6944,0.386,29.7508,-95.3621,708793.0,300000.0,49900.0,62930.0,31570.760000000002,7095.780000000001,660600.0,42560.0,79160.0,20000.0,35400.0,32900.0,68450.0,1160289.54,1272170.0,-111880.45999999996,-411880.45999999996,0.45,0.622,-0.064
PE003,2024-02-24,Atlanta,Big,464844.0,17000,Arena (15K+),Title,False,16320,0.96,33.7573,-84.3963,4923711.7,1070000.0,434400.0,283260.0,193253.43,9079.2,1627500.0,50610.0,113960.0,40000.0,246148.2,53500.0,311030.0,6913704.33,2907592.2,4006112.13,2936112.13,0.138,0.357,0.822
PE004,2024-03-23,Philadelphia,Mid-sized,77053.0,5500,Mid-sized room (4K-7.5K),Contender,False,4205,0.765,39.9526,-75.1652,615467.1,310000.0,44900.0,52150.0,26205.98,3852.2,332700.0,42090.0,83615.0,20000.0,30799.0,32100.0,41750.0,1052575.28,660107.0,392468.28,82468.28000000003,0.251,0.657,0.514
PE005,2024-04-06,DMV,Mid-sized,67396.0,4500,Mid-sized room (4K-7.5K),Contender,False,2953,0.656,38.7964,-77.0081,393621.8,300000.0,61400.0,56730.0,39585.979999999996,9102.48,390300.0,45600.0,76180.0,20000.0,19678.0,32533.86,28210.0,860440.26,679897.86,180542.40000000002,-119457.59999999998,0.339,0.866,0.317
PE006,2024-04-27,New York,Big,586000.0,19000,Arena (15K+),Title,False,13928,0.733,40.7505,-73.9934,4170344.3,1260000.0,257800.0,298010.0,96967.97,14764.56,1586300.0,62430.0,111410.0,40000.0,208500.0,48892.74,273960.0,6097886.829999999,2917492.74,3180394.089999999,1920394.089999999,0.145,0.378,0.588
PE007,2024-05-25,Las Vegas,Big,477247.0,17000,Arena (15K+),Star,True,17000,1.0,36.1029,-115.1784,6542063.100000001,2140000.0,374000.0,393030.0,91681.52,21573.46,2948500.0,54840.0,98690.0,40000.0,523652.0,54197.0,431140.0,9562348.080000002,4628266.0,4934082.080000002,2794082.080000002,0.18,0.536,0.82
PE008,2024-06-08,DMV,Mid-sized,322538.0,18000,Arena (15K+),Contender,False,6905,0.384,38.8981,-77.0209,726493.9,330000.0,51500.0,57040.0,36737.45,10352.4,519300.0,20880.0,75330.0,20000.0,36300.0,34696.64,75730.0,1212123.7499999998,1104774.6400000001,107349.10999999964,-222650.89000000036,0.324,0.507,0.06
PE009,2024-08-10,New York,Big,407988.0,19000,Arena (15K+),Title,False,12605,0.663,40.7505,-73.9934,4029861.8,1260000.0,194000.0,450360.0,112028.06,21286.02,1713500.0,57500.0,125420.0,40000.0,201400.0,47794.0,307210.0,6067535.879999999,2900812.0,3166723.879999999,1906723.879999999,0.115,0.333,0.548
PE010,2024-08-17,Las Vegas,Big,490000.0,17000,Arena (15K+),Star,False,14820,0.872,36.1029,-115.1784,5914531.600000001,1690000.0,327000.0,409620.0,228911.84,22927.68,2821000.0,48300.0,110610.0,40000.0,473200.0,59171.0,430460.0,8592991.120000001,4472741.0,4120250.120000001,2430250.120000001,0.212,0.482,0.66
PE011,2024-08-17,Texas,Mid-sized,85289.0,7500,Mid-sized room (4K-7.5K),Contender,True,6070,0.809,29.7,-95.4,914471.7999999999,350000.0,41200.0,62100.0,58881.87,5742.0,295500.0,45040.0,77830.0,20000.0,45700.0,31444.44,59100.0,1432395.67,659903.44,772492.23,422492.23,0.09,0.416,0.719
PE012,2024-08-24,Philadelphia,Mid-sized,106300.0,5500,Mid-sized room (4K-7.5K),Contender,False,4118,0.749,39.9526,-75.1652,634198.3999999999,320000.0,75300.0,55450.0,30639.09,6788.1,399700.0,40820.0,78340.0,20000.0,31708.56,34830.0,45900.0,1122375.59,757598.56,364777.03,44777.03000000003,0.295,0.693,0.454
PE013,2024-09-07,New York,Big,552684.26,19000,Arena (15K+),Star,False,15836,0.833,40.7505,-73.9934,6536629.6,2010000.0,287600.0,660590.0,199626.4,4177.28,4264400.0,51900.0,117660.0,40000.0,326838.5,51400.0,473060.0,9698623.28,5877942.76,3820680.5199999996,1810680.5199999996,0.321,0.59,0.512
PE014,2024-09-14,DMV,Mid-sized,92500.0,6000,Mid-sized room (4K-7.5K),Title,False,3930,0.655,38.8623,-76.9951,651188.7000000001,380000.0,39400.0,46680.0,45499.84,6582.6,587800.0,48690.0,73830.0,20000.0,32521.0,31541.0,44160.0,1169351.1400000004,931042.0,238309.14000000036,-141690.85999999964,0.403,0.805,0.252
PE015,2024-09-28,Las Vegas,Big,475479.0,17000,Arena (15K+),Star,False,15029,0.884,36.1029,-115.1784,6038073.9,2000000.0,235500.0,451620.0,132791.15,33791.7,3788100.0,52910.0,107820.0,40000.0,482472.0,60200.0,453360.0,8891776.75,5460341.0,3431435.75,1431435.75,0.338,0.656,0.546
PE016,2024-11-16,DMV,Mid-sized,81521.0,4500,Mid-sized room (4K-7.5K),Contender,False,3006,0.668,38.7964,-77.0081,464876.69999999995,330000.0,28100.0,36550.0,39306.869999999995,8524.92,402600.0,45600.0,71660.0,20000.0,23200.0,33036.0,31920.0,907358.49,709537.0,197821.49,-132178.51,0.369,0.868,0.299
PE017,2024-12-14,DMV,Mid-sized,107300.0,6000,Mid-sized room (4K-7.5K),Contender,False,4061,0.677,38.8623,-76.9951,607562.8,340000.0,73100.0,41250.0,36156.9,10209.599999999999,313200.0,50500.0,68270.0,20000.0,30400.0,29811.32,44410.0,1108279.3,663891.32,444387.9800000001,104387.9800000001,0.156,0.554,0.521
PE018,2025-01-04,New York,Big,404500.0,19000,Arena (15K+),Title,True,13956,0.735,40.7505,-73.9934,4627324.1,1210000.0,86300.0,395920.0,92415.63,5564.16,1611100.0,58920.0,107520.0,40000.0,231430.0,58600.0,325990.0,6417523.89,2838060.0,3579463.8899999997,2369463.8899999997,0.136,0.339,0.599
PE019,2025-02-01,Las Vegas,Big,476638.0,17000,Arena (15K+),Title,True,12286,0.723,36.1029,-115.1784,4039513.8,1140000.0,266200.0,343720.0,124588.31,14837.76,1446700.0,54840.0,110530.0,40000.0,323254.0,48499.0,280180.0,5928859.869999999,2780641.0,3148218.869999999,2008218.8699999992,0.11,0.332,0.613
PE020,2025-02-15,DMV,Mid-sized,95688.0,6000,Mid-sized room (4K-7.5K),Contender,True,5209,0.868,38.8623,-76.9951,651225.2,260000.0,44000.0,96100.0,59010.549999999996,1781.12,375000.0,39420.0,69110.0,20000.0,32600.0,27738.0,46130.0,1112116.87,705686.0,406430.8700000001,146430.8700000001,0.298,0.663,0.57
PE021,2025-03-01,Texas,Mid-sized,79801.49,6000,Mid-sized room (4K-7.5K),Title,True,5548,0.925,29.4241,-98.4936,974846.2,380000.0,21900.0,64560.0,51371.53,7150.4800000000005,534000.0,43800.0,78600.0,20000.0,48742.26,28540.17,66420.0,1499828.21,899903.92,599924.2899999999,219924.28999999992,0.326,0.705,0.599
PE022,2025-03-29,Philadelphia,Mid-sized,85049.0,5500,Mid-sized room (4K-7.5K),Contender,False,3523,0.641,39.9526,-75.1652,615518.2,260000.0,45300.0,52700.0,41233.25,8103.2,406300.0,40820.0,84585.0,20000.0,30768.0,29365.42,47210.0,1022854.6499999999,744097.42,278757.22999999986,18757.229999999865,0.335,0.62,0.306
PE023,2025-04-05,DMV,Mid-sized,79958.17,6000,Mid-sized room (4K-7.5K),Title,True,5826,0.971,38.8623,-76.9951,1172349.7,370000.0,70200.0,83760.0,33761.6,8339.3,427700.0,45600.0,75640.0,20000.0,58612.04,32968.0,85880.0,1738410.6,826358.2100000001,912052.39,542052.39,0.176,0.498,0.795
PE024,2025-04-19,New York,Big,591100.0,19000,Arena (15K+),Star,False,16126,0.849,40.7505,-73.9934,6306425.0,2040000.0,228300.0,477000.0,156561.62,15887.16,2619200.0,68030.0,120090.0,40000.0,315400.0,57600.0,422700.0,9224173.78,4234120.0,4990053.779999999,2950053.7799999993,0.142,0.431,0.707
PE025,2025-04-26,Texas,Mid-sized,76691.0,7500,Mid-sized room (4K-7.5K),Contender,True,7121,0.949,29.7,-95.4,908316.3,260000.0,35200.0,75500.0,46792.71,9724.2,342000.0,42070.0,71440.0,20000.0,45425.54,30757.0,61800.0,1335533.21,690183.54,645349.6699999999,385349.6699999999,0.239,0.525,0.71
PE026,2025-05-24,Philadelphia,Mid-sized,299684.66000000003,19000,Arena (15K+),Title,False,9155,0.482,39.9012,-75.172,1156796.3,360000.0,28300.0,74320.0,53755.8,12573.6,633800.0,46940.0,75400.0,20000.0,57837.0,33457.0,105370.0,1685745.7000000002,1272488.6600000001,413257.04000000004,53257.04000000004,0.301,0.458,0.181
PE027,2025-06-21,Las Vegas,Big,503305.0,17000,Arena (15K+),Star,False,15418,0.907,36.1029,-115.1784,5809761.7,1670000.0,256200.0,503720.0,131763.96000000002,6639.2,3240200.0,60040.0,104100.0,40000.0,464800.0,52009.62,420280.0,8378084.86,4884734.62,3493350.24,1823350.2400000002,0.314,0.598,0.593
PE028,2025-06-28,Philadelphia,Mid-sized,75600.0,4000,Mid-sized room (4K-7.5K),Contender,True,3589,0.897,39.97,-75.13,565615.3,290000.0,91000.0,55950.0,38641.21,2136.24,335000.0,35970.0,77900.0,20000.0,28300.0,30740.0,37300.0,1043342.75,640810.0,402532.75,112532.75,0.225,0.709,0.672
PE029,2025-08-09,Texas,Mid-sized,76909.0,7500,Mid-sized room (4K-7.5K),Title,False,5105,0.681,29.7,-95.4,1110279.7,440000.0,31700.0,57240.0,30205.149999999998,1184.2,470200.0,34890.0,69670.0,20000.0,55514.0,29100.0,70830.0,1670609.0499999998,827113.0,843496.0499999998,403496.0499999998,0.136,0.42,0.545
PE030,2025-08-09,Texas,Mid-sized,331970.83999999997,18000,Arena (15K+),Title,False,8488,0.472,29.7508,-95.3621,1132389.5,370000.0,35300.0,63180.0,27840.03,9028.8,696700.0,33160.0,72400.0,20000.0,56614.0,35181.07,107660.0,1637738.33,1353685.91,284052.42000000016,-85947.57999999984,0.347,0.509,0.125
PE031,2025-08-30,Texas,Mid-sized,91752.34,6000,Mid-sized room (4K-7.5K),Contender,True,5159,0.86,29.4241,-98.4936,679065.6,320000.0,62600.0,63990.0,68268.95,3738.6,331600.0,39100.0,63250.0,20000.0,33400.0,34300.0,45550.0,1197663.1500000001,658952.34,538710.8100000002,218710.81000000017,0.142,0.569,0.718
PE032,2025-09-06,DMV,Mid-sized,307511.0,18000,Arena (15K+),Title,False,8788,0.488,38.8981,-77.0209,1192136.1,370000.0,54200.0,54780.0,27720.989999999998,7978.08,704800.0,44320.0,67080.0,20000.0,59527.0,30700.0,110200.0,1706815.1700000002,1344138.0,362677.17000000016,-7322.829999999842,0.332,0.491,0.156
PE033,2025-09-13,DMV,Mid-sized,73488.91,4500,Mid-sized room (4K-7.5K),Contender,False,2961,0.658,38.7964,-77.0081,407502.69999999995,320000.0,51700.0,41720.0,63876.42,6617.52,316500.0,53590.0,79880.0,20000.0,20373.0,28056.04,28880.0,891416.64,620767.9500000001,270648.68999999994,-49351.310000000056,0.198,0.742,0.46
PE034,2025-09-20,Texas,Mid-sized,103260.0,7500,Mid-sized room (4K-7.5K),Title,True,7075,0.943,29.7,-95.4,1323275.7000000002,420000.0,78100.0,82680.0,21032.510000000002,6460.2,427300.0,46770.0,78920.0,20000.0,66149.0,34841.68,96990.0,1931548.4100000001,874230.68,1057317.73,637317.73,0.15,0.465,0.793
PE035,2025-10-04,Philadelphia,Mid-sized,111900.0,4000,Mid-sized room (4K-7.5K),Contender,True,3299,0.825,39.97,-75.13,511601.4,340000.0,35400.0,56450.0,52442.37,8269.5,348900.0,40300.0,78380.0,20000.0,25581.0,29300.0,34830.0,1004163.27,689191.0,314972.27,-25027.72999999998,0.29,0.867,0.535
PE036,2025-10-11,New York,Big,416516.0,19000,Arena (15K+),Star,False,15927,0.838,40.7505,-73.9934,6782895.300000001,2110000.0,367600.0,574890.0,111177.11,32882.0,4496900.0,68030.0,109460.0,40000.0,339100.0,47470.880000000005,451760.0,9979444.41,5969236.88,4010207.5300000003,1900207.5300000003,0.317,0.591,0.521
PE037,2025-11-08,Las Vegas,Big,436021.0,17000,Arena (15K+),Title,False,10829,0.637,36.1029,-115.1784,3209875.7,1030000.0,286700.0,305700.0,127965.81999999999,23885.88,1972600.0,63310.0,108980.0,40000.0,256800.0,48920.58,227380.0,4984127.4,3154011.58,1830115.8200000003,800115.8200000003,0.242,0.464,0.395
PE038,2025-11-22,New York,Big,450565.67000000004,19000,Arena (15K+),Star,True,19000,1.0,40.7505,-73.9934,7927400.4,1780000.0,143400.0,455600.0,211626.86000000002,7665.0,3297700.0,51230.0,111850.0,40000.0,396380.02,49915.71,510200.0,10525692.26,4907841.399999999,5617850.86,3837850.8600000003,0.254,0.49,0.746
PE039,2025-11-29,New York,Big,493007.73,17000,Arena (15K+),Title,False,11643,0.685,40.6826,-73.9754,3672625.0,1140000.0,135000.0,316880.0,109100.79000000001,26647.8,1430500.0,62430.0,120450.0,40000.0,183656.0,50597.26,269260.0,5400253.59,2649900.9899999998,2750352.6,1610352.6,0.145,0.369,0.54
PE040,2026-01-03,Atlanta,Big,396621.0,17000,Arena (15K+),Star,True,17000,1.0,33.7573,-84.3963,6081687.4,2190000.0,359700.0,449290.0,181563.66,26094.6,2695400.0,47400.0,105280.0,40000.0,304000.0,45953.0,409910.0,9288335.66,4044564.0,5243771.66,3053771.66,0.092,0.471,0.908
PE041,2026-01-10,Philadelphia,Mid-sized,100754.87,4000,Mid-sized room (4K-7.5K),Title,False,3040,0.76,39.97,-75.13,608407.2,430000.0,70900.0,48100.0,42498.6,4694.4,425300.0,46940.0,77585.0,20000.0,30422.3,27347.0,41630.0,1204600.2,769979.17,434621.0299999999,4621.0299999999115,0.189,0.754,0.571
PE042,2026-01-17,Las Vegas,Big,370841.0,17000,Arena (15K+),Title,True,11276,0.663,36.1029,-115.1784,3536554.6,960000.0,414500.0,425770.0,158837.37,23020.8,1370700.0,54840.0,104390.0,40000.0,282900.0,51624.0,242040.0,5518682.77,2517335.0,3001347.7699999996,2041347.7699999996,0.051,0.247,0.612
PE043,2026-01-24,Atlanta,Big,390702.0,17000,Arena (15K+),Title,False,16320,0.96,33.7573,-84.3963,4736115.9,1110000.0,217900.0,380340.0,216904.84,10957.2,1395400.0,63450.0,97880.0,40000.0,236800.0,54474.0,357520.0,6672217.94,2636226.0,4035991.9400000004,2925991.9400000004,0.099,0.336,0.861
PE044,2026-01-24,Las Vegas,Big,411700.0,17000,Arena (15K+),Star,False,15576,0.916,36.1029,-115.1784,6877716.4,1750000.0,207400.0,397710.0,111953.29000000001,23003.760000000002,3354700.0,60040.0,109850.0,40000.0,550269.0,50371.0,455220.0,9367783.45,5032150.0,4335633.449999999,2585633.4499999993,0.288,0.542,0.628
PE045,2026-03-07,Las Vegas,Big,541497.13,17000,Arena (15K+),Star,False,15505,0.912,36.1029,-115.1784,5580312.1,1720000.0,304400.0,422460.0,145338.97,30592.739999999998,4300000.0,63310.0,99200.0,40000.0,446600.0,58590.0,377880.0,8203103.81,5927077.13,2276026.6799999997,556026.6799999997,0.508,0.813,0.404
PE046,2026-04-18,Texas,Mid-sized,86975.0,6000,Mid-sized room (4K-7.5K),Contender,True,5217,0.87,29.4241,-98.4936,713962.4,270000.0,55300.0,56750.0,63221.99,10248.3,337600.0,43800.0,74260.0,20000.0,35700.0,26922.0,48710.0,1169482.69,673967.0,495515.68999999994,225515.68999999994,0.234,0.58,0.636
PE047,2026-05-23,Philadelphia,Mid-sized,304168.0,19000,Arena (15K+),Contender,False,7491,0.394,39.9012,-75.172,855693.7,280000.0,88100.0,52450.0,51762.409999999996,15946.44,717400.0,59180.0,78240.0,20000.0,42600.0,32223.38,83930.0,1343952.5499999998,1337741.38,6211.1699999999255,-273788.8300000001,0.391,0.527,0.003
PE048,2026-05-30,Atlanta,Big,479052.0,17000,Arena (15K+),Title,False,16320,0.96,33.7573,-84.3963,4383752.7,1180000.0,249200.0,285540.0,198583.6,20347.2,1433900.0,52500.0,110040.0,40000.0,219170.0,51729.55,295470.0,6317423.5,2681861.55,3635561.95,2455561.95,0.122,0.394,0.838
PE049,2026-08-01,Las Vegas,Big,463547.15,15000,Arena (15K+),Title,True,11529,0.769,36.107,-115.17,3483611.0999999996,970000.0,166100.0,267710.0,175242.85,13068.0,1660000.0,52910.0,96230.0,40000.0,279123.4,45941.0,266510.0,5075731.949999999,2904261.55,2171470.3999999994,1201470.3999999994,0.248,0.48,0.521
PE050,2026-08-22,Las Vegas,Big,462253.0,17000,Arena (15K+),Title,False,10854,0.638,36.1029,-115.1784,3557787.1999999997,910000.0,316100.0,290070.0,122926.53,6519.0,1935000.0,48300.0,109220.0,40000.0,284633.54,55351.0,245820.0,5203402.7299999995,3180577.54,2022825.1899999995,1112825.1899999995,0.244,0.421,0.394
PE051,2026-08-29,New York,Big,486730.0,17000,Arena (15K+),Star,True,16226,0.954,40.6826,-73.9754,6213760.1,1820000.0,484400.0,507100.0,263785.85,18002.28,2343300.0,46300.0,118790.0,40000.0,310671.0,59684.0,424420.0,9307048.229999999,3829895.0,5477153.229999999,3657153.2299999986,0.069,0.363,0.885
