Activity_ID,Event_ID,Day,Activity,Ticketed,Ticket_Price,Attendance,Sponsor_On_Site,Merch_Revenue,Ticket_Revenue,Total_Revenue,Market,Card_Type
A0001,PE001,1 Wednesday,Press Conference,False,0.0,513.0,False,3427.47,0.0,3427.47,New York,Big
A0002,PE001,2 Thursday,Open Workout,False,0.0,2441.0,False,13988.04,0.0,13988.04,New York,Big
A0003,PE001,3 Friday,Weigh-In,False,0.0,1762.0,False,11260.69,0.0,11260.69,New York,Big
A0004,PE001,3 Friday,Fan Fest,False,0.0,10912.0,False,26393.3,0.0,26393.3,New York,Big
A0005,PE001,4 Saturday,After Party,True,75.0,652.0,True,1732.35,48900.0,50632.35,New York,Big
A0006,PE001,2 Thursday,VIP Meet & Greet,True,250.0,139.0,True,294.42,34750.0,35044.42,New York,Big
A0007,PE002,1 Wednesday,Press Conference,False,0.0,262.0,False,1078.04,0.0,1078.04,Texas,Mid-sized
A0008,PE002,2 Thursday,Open Workout,False,0.0,599.0,False,1446.2,0.0,1446.2,Texas,Mid-sized
A0009,PE002,3 Friday,Weigh-In,False,0.0,489.0,False,2171.05,0.0,2171.05,Texas,Mid-sized
A0010,PE002,3 Friday,Fan Fest,False,0.0,2297.0,False,6994.39,0.0,6994.39,Texas,Mid-sized
A0011,PE002,4 Saturday,After Party,True,75.0,253.0,False,906.08,18975.0,19881.08,Texas,Mid-sized
A0012,PE003,1 Wednesday,Press Conference,False,0.0,692.0,False,4054.79,0.0,4054.79,Atlanta,Big
A0013,PE003,2 Thursday,Open Workout,False,0.0,1349.0,True,9252.38,0.0,9252.38,Atlanta,Big
A0014,PE003,3 Friday,Weigh-In,False,0.0,5241.0,False,11410.78,0.0,11410.78,Atlanta,Big
A0015,PE003,3 Friday,Fan Fest,False,0.0,6044.0,False,39293.91,0.0,39293.91,Atlanta,Big
A0016,PE003,4 Saturday,After Party,True,150.0,849.0,True,1891.57,127350.0,129241.57,Atlanta,Big
A0017,PE004,1 Wednesday,Press Conference,False,0.0,281.0,True,1345.36,0.0,1345.36,Philadelphia,Mid-sized
A0018,PE004,2 Thursday,Open Workout,False,0.0,549.0,False,2526.55,0.0,2526.55,Philadelphia,Mid-sized
A0019,PE004,3 Friday,Weigh-In,False,0.0,1249.0,True,5397.19,0.0,5397.19,Philadelphia,Mid-sized
A0020,PE004,4 Saturday,After Party,True,100.0,167.0,False,236.88,16700.0,16936.88,Philadelphia,Mid-sized
A0021,PE005,1 Wednesday,Press Conference,False,0.0,277.0,False,753.52,0.0,753.52,DMV,Mid-sized
A0022,PE005,2 Thursday,Open Workout,False,0.0,401.0,False,1802.71,0.0,1802.71,DMV,Mid-sized
A0023,PE005,3 Friday,Weigh-In,False,0.0,850.0,False,1775.01,0.0,1775.01,DMV,Mid-sized
A0024,PE005,3 Friday,Fan Fest,False,0.0,888.0,False,2797.28,0.0,2797.28,DMV,Mid-sized
A0025,PE005,4 Saturday,After Party,True,150.0,212.0,False,657.46,31800.0,32457.46,DMV,Mid-sized
A0026,PE006,1 Wednesday,Press Conference,False,0.0,382.0,False,2600.92,0.0,2600.92,New York,Big
A0027,PE006,2 Thursday,Open Workout,False,0.0,1219.0,False,4920.26,0.0,4920.26,New York,Big
A0028,PE006,3 Friday,Weigh-In,False,0.0,1335.0,False,8798.03,0.0,8798.03,New York,Big
A0029,PE006,3 Friday,Fan Fest,False,0.0,5620.0,False,30439.33,0.0,30439.33,New York,Big
A0030,PE006,4 Saturday,After Party,True,100.0,312.0,True,1792.98,31200.0,32992.98,New York,Big
A0031,PE006,2 Thursday,VIP Meet & Greet,True,200.0,85.0,False,216.45,17000.0,17216.45,New York,Big
A0032,PE007,1 Wednesday,Press Conference,False,0.0,560.0,True,1855.03,0.0,1855.03,Las Vegas,Big
A0033,PE007,2 Thursday,Open Workout,False,0.0,1606.0,True,10341.56,0.0,10341.56,Las Vegas,Big
A0034,PE007,3 Friday,Weigh-In,False,0.0,8636.0,True,34683.26,0.0,34683.26,Las Vegas,Big
A0035,PE007,3 Friday,Fan Fest,False,0.0,12278.0,False,42620.25,0.0,42620.25,Las Vegas,Big
A0036,PE007,4 Saturday,After Party,True,100.0,,False,2181.42,,2181.42,Las Vegas,Big
A0037,PE008,1 Wednesday,Press Conference,False,0.0,181.0,False,741.8,0.0,741.8,DMV,Mid-sized
A0038,PE008,2 Thursday,Open Workout,False,0.0,770.0,True,3022.95,0.0,3022.95,DMV,Mid-sized
A0039,PE008,3 Friday,Weigh-In,False,0.0,747.0,False,1396.85,0.0,1396.85,DMV,Mid-sized
A0040,PE008,3 Friday,Fan Fest,False,0.0,2327.0,True,3674.24,0.0,3674.24,DMV,Mid-sized
A0041,PE008,4 Saturday,After Party,True,150.0,184.0,True,301.61,27600.0,27901.61,DMV,Mid-sized
A0042,PE009,1 Wednesday,Press Conference,False,0.0,506.0,True,1409.51,0.0,1409.51,New York,Big
A0043,PE009,2 Thursday,Open Workout,False,0.0,1987.0,False,9731.8,0.0,9731.8,New York,Big
A0044,PE009,3 Friday,Weigh-In,False,0.0,3727.0,False,17556.55,0.0,17556.55,New York,Big
A0045,PE009,3 Friday,Fan Fest,False,0.0,3649.0,False,7898.68,0.0,7898.68,New York,Big
A0046,PE009,4 Saturday,After Party,True,100.0,734.0,False,2031.52,73400.0,75431.52,New York,Big
A0047,PE010,1 Wednesday,Press Conference,False,0.0,548.0,False,2263.04,0.0,2263.04,Las Vegas,Big
A0048,PE010,2 Thursday,Open Workout,False,0.0,2341.0,False,14046.41,0.0,14046.41,Las Vegas,Big
A0049,PE010,3 Friday,Weigh-In,False,0.0,5798.0,False,39748.17,0.0,39748.17,Las Vegas,Big
A0050,PE010,3 Friday,Fan Fest,False,0.0,11960.0,False,68318.75,0.0,68318.75,Las Vegas,Big
A0051,PE010,4 Saturday,After Party,True,150.0,668.0,True,4335.47,100200.0,104535.47,Las Vegas,Big
A0052,PE011,1 Wednesday,Press Conference,False,0.0,,False,664.15,,664.15,Texas,Mid-sized
A0053,PE011,2 Thursday,Open Workout,False,0.0,491.0,False,992.57,0.0,992.57,Texas,Mid-sized
A0054,PE011,3 Friday,Weigh-In,False,0.0,1816.0,False,4763.67,0.0,4763.67,Texas,Mid-sized
A0055,PE011,3 Friday,Fan Fest,False,0.0,2615.0,True,4095.18,0.0,4095.18,Texas,Mid-sized
A0056,PE011,4 Saturday,After Party,True,150.0,317.0,True,816.3,47550.0,48366.3,Texas,Mid-sized
A0057,PE012,1 Wednesday,Press Conference,False,0.0,310.0,False,802.37,0.0,802.37,Philadelphia,Mid-sized
A0058,PE012,2 Thursday,Open Workout,False,0.0,636.0,False,2880.5,0.0,2880.5,Philadelphia,Mid-sized
A0059,PE012,3 Friday,Weigh-In,False,0.0,1295.0,False,2205.51,0.0,2205.51,Philadelphia,Mid-sized
A0060,PE012,4 Saturday,After Party,True,100.0,240.0,True,750.71,24000.0,24750.71,Philadelphia,Mid-sized
A0061,PE013,1 Wednesday,Press Conference,False,0.0,506.0,False,2674.0,0.0,2674.0,New York,Big
A0062,PE013,2 Thursday,Open Workout,False,0.0,3223.0,False,10919.96,0.0,10919.96,New York,Big
A0063,PE013,3 Friday,Weigh-In,False,0.0,6694.0,False,27456.72,0.0,27456.72,New York,Big
A0064,PE013,3 Friday,Fan Fest,False,0.0,10366.0,False,69642.15,0.0,69642.15,New York,Big
A0065,PE013,4 Saturday,After Party,True,100.0,835.0,False,5433.57,83500.0,88933.57,New York,Big
A0066,PE014,1 Wednesday,Press Conference,False,0.0,400.0,False,815.43,0.0,815.43,DMV,Mid-sized
A0067,PE014,2 Thursday,Open Workout,False,0.0,683.0,False,2007.64,0.0,2007.64,DMV,Mid-sized
A0068,PE014,3 Friday,Weigh-In,False,0.0,1331.0,False,3577.32,0.0,3577.32,DMV,Mid-sized
A0069,PE014,4 Saturday,After Party,True,100.0,384.0,True,699.45,38400.0,39099.45,DMV,Mid-sized
A0070,PE015,1 Wednesday,Press Conference,False,0.0,905.0,False,2761.07,0.0,2761.07,Las Vegas,Big
A0071,PE015,2 Thursday,Open Workout,False,0.0,1644.0,False,9240.76,0.0,9240.76,Las Vegas,Big
A0072,PE015,3 Friday,Weigh-In,False,0.0,3924.0,False,22928.88,0.0,22928.88,Las Vegas,Big
A0073,PE015,3 Friday,Fan Fest,False,0.0,6181.0,False,39804.76,0.0,39804.76,Las Vegas,Big
A0074,PE015,4 Saturday,After Party,True,75.0,515.0,True,2242.81,38625.0,40867.81,Las Vegas,Big
A0075,PE015,2 Thursday,VIP Meet & Greet,True,150.0,113.0,True,237.87,16950.0,17187.87,Las Vegas,Big
A0076,PE016,1 Wednesday,Press Conference,False,0.0,,False,344.19,,344.19,DMV,Mid-sized
A0077,PE016,2 Thursday,Open Workout,False,0.0,424.0,False,803.35,0.0,803.35,DMV,Mid-sized
A0078,PE016,3 Friday,Weigh-In,False,0.0,691.0,False,2877.33,0.0,2877.33,DMV,Mid-sized
A0079,PE016,3 Friday,Fan Fest,False,0.0,2000.0,False,9291.66,0.0,9291.66,DMV,Mid-sized
A0080,PE016,4 Saturday,After Party,True,100.0,251.0,False,890.34,25100.0,25990.34,DMV,Mid-sized
A0081,PE017,1 Wednesday,Press Conference,False,0.0,237.0,False,1085.05,0.0,1085.05,DMV,Mid-sized
A0082,PE017,2 Thursday,Open Workout,False,0.0,608.0,False,1887.03,0.0,1887.03,DMV,Mid-sized
A0083,PE017,3 Friday,Weigh-In,False,0.0,1521.0,False,6167.16,0.0,6167.16,DMV,Mid-sized
A0084,PE017,4 Saturday,After Party,True,150.0,178.0,True,317.66,26700.0,27017.66,DMV,Mid-sized
A0085,PE018,1 Wednesday,Press Conference,False,0.0,849.0,False,2251.32,0.0,2251.32,New York,Big
A0086,PE018,2 Thursday,Open Workout,False,0.0,2776.0,False,19277.65,0.0,19277.65,New York,Big
A0087,PE018,3 Friday,Weigh-In,False,0.0,2022.0,False,8793.23,0.0,8793.23,New York,Big
A0088,PE018,3 Friday,Fan Fest,False,0.0,8095.0,False,25369.49,0.0,25369.49,New York,Big
A0089,PE018,4 Saturday,After Party,True,75.0,337.0,True,1075.68,25275.0,26350.68,New York,Big
A0090,PE018,2 Thursday,VIP Meet & Greet,True,150.0,67.0,True,323.26,10050.0,10373.26,New York,Big
A0091,PE019,1 Wednesday,Press Conference,False,0.0,787.0,False,2672.54,0.0,2672.54,Las Vegas,Big
A0092,PE019,2 Thursday,Open Workout,False,0.0,2280.0,False,11795.91,0.0,11795.91,Las Vegas,Big
A0093,PE019,3 Friday,Weigh-In,False,0.0,5837.0,False,14548.53,0.0,14548.53,Las Vegas,Big
A0094,PE019,3 Friday,Fan Fest,False,0.0,9541.0,False,26999.33,0.0,26999.33,Las Vegas,Big
A0095,PE019,4 Saturday,After Party,True,75.0,649.0,False,2200.18,48675.0,50875.18,Las Vegas,Big
A0096,PE019,2 Thursday,VIP Meet & Greet,True,250.0,70.0,True,196.82,17500.0,17696.82,Las Vegas,Big
A0097,PE020,1 Wednesday,Press Conference,False,0.0,280.0,False,560.12,0.0,560.12,DMV,Mid-sized
A0098,PE020,2 Thursday,Open Workout,False,0.0,1188.0,False,3137.24,0.0,3137.24,DMV,Mid-sized
A0099,PE020,3 Friday,Weigh-In,False,0.0,1832.0,True,3275.13,0.0,3275.13,DMV,Mid-sized
A0100,PE020,4 Saturday,After Party,True,150.0,338.0,False,1338.06,50700.0,52038.06,DMV,Mid-sized
A0101,PE021,1 Wednesday,Press Conference,False,0.0,264.0,True,1096.32,0.0,1096.32,Texas,Mid-sized
A0102,PE021,2 Thursday,Open Workout,False,0.0,1146.0,False,3550.94,0.0,3550.94,Texas,Mid-sized
A0103,PE021,3 Friday,Weigh-In,False,0.0,2453.0,False,5784.69,0.0,5784.69,Texas,Mid-sized
A0104,PE021,4 Saturday,After Party,True,150.0,269.0,False,589.58,40350.0,40939.58,Texas,Mid-sized
A0105,PE022,1 Wednesday,Press Conference,False,0.0,165.0,False,692.83,0.0,692.83,Philadelphia,Mid-sized
A0106,PE022,2 Thursday,Open Workout,False,0.0,398.0,False,669.09,0.0,669.09,Philadelphia,Mid-sized
A0107,PE022,3 Friday,Weigh-In,False,0.0,622.0,False,1034.93,0.0,1034.93,Philadelphia,Mid-sized
A0108,PE022,3 Friday,Fan Fest,False,0.0,1151.0,False,5492.45,0.0,5492.45,Philadelphia,Mid-sized
A0109,PE022,4 Saturday,After Party,True,100.0,322.0,False,1143.95,32200.0,33343.95,Philadelphia,Mid-sized
A0110,PE023,1 Wednesday,Press Conference,False,0.0,477.0,False,1704.82,0.0,1704.82,DMV,Mid-sized
A0111,PE023,2 Thursday,Open Workout,False,0.0,1380.0,False,5704.54,0.0,5704.54,DMV,Mid-sized
A0112,PE023,3 Friday,Weigh-In,False,0.0,1379.0,False,5325.94,0.0,5325.94,DMV,Mid-sized
A0113,PE023,4 Saturday,After Party,True,100.0,202.0,True,826.3,20200.0,21026.3,DMV,Mid-sized
A0114,PE024,1 Wednesday,Press Conference,False,0.0,771.0,False,3423.33,0.0,3423.33,New York,Big
A0115,PE024,2 Thursday,Open Workout,False,0.0,3541.0,True,24011.63,0.0,24011.63,New York,Big
A0116,PE024,3 Friday,Weigh-In,False,0.0,2966.0,False,8970.63,0.0,8970.63,New York,Big
A0117,PE024,3 Friday,Fan Fest,False,0.0,7160.0,False,26296.54,0.0,26296.54,New York,Big
A0118,PE024,4 Saturday,After Party,True,125.0,632.0,True,2483.52,79000.0,81483.52,New York,Big
A0119,PE024,2 Thursday,VIP Meet & Greet,True,200.0,60.0,True,375.97,12000.0,12375.97,New York,Big
A0120,PE025,1 Wednesday,Press Conference,False,0.0,455.0,False,2168.92,0.0,2168.92,Texas,Mid-sized
A0121,PE025,2 Thursday,Open Workout,False,0.0,959.0,True,2921.15,0.0,2921.15,Texas,Mid-sized
A0122,PE025,3 Friday,Weigh-In,False,0.0,1262.0,False,3835.28,0.0,3835.28,Texas,Mid-sized
A0123,PE025,3 Friday,Fan Fest,False,0.0,2188.0,False,4638.54,0.0,4638.54,Texas,Mid-sized
A0124,PE025,4 Saturday,After Party,True,100.0,318.0,False,1428.82,31800.0,33228.82,Texas,Mid-sized
A0125,PE026,1 Wednesday,Press Conference,False,0.0,349.0,True,1475.75,0.0,1475.75,Philadelphia,Mid-sized
A0126,PE026,2 Thursday,Open Workout,False,0.0,993.0,False,2793.16,0.0,2793.16,Philadelphia,Mid-sized
A0127,PE026,3 Friday,Weigh-In,False,0.0,1879.0,False,5904.43,0.0,5904.43,Philadelphia,Mid-sized
A0128,PE026,3 Friday,Fan Fest,False,0.0,1684.0,False,6064.35,0.0,6064.35,Philadelphia,Mid-sized
A0129,PE026,4 Saturday,After Party,True,100.0,364.0,False,1118.11,36400.0,37518.11,Philadelphia,Mid-sized
A0130,PE027,1 Wednesday,Press Conference,False,0.0,792.0,True,2839.09,0.0,2839.09,Las Vegas,Big
A0131,PE027,2 Thursday,Open Workout,False,0.0,2529.0,False,16341.85,0.0,16341.85,Las Vegas,Big
A0132,PE027,3 Friday,Weigh-In,False,0.0,2337.0,True,8914.18,0.0,8914.18,Las Vegas,Big
A0133,PE027,3 Friday,Fan Fest,False,0.0,12503.0,False,55938.98,0.0,55938.98,Las Vegas,Big
A0134,PE027,4 Saturday,After Party,True,75.0,608.0,True,2129.86,45600.0,47729.86,Las Vegas,Big
A0135,PE028,1 Wednesday,Press Conference,False,0.0,415.0,True,719.8,0.0,719.8,Philadelphia,Mid-sized
A0136,PE028,2 Thursday,Open Workout,False,0.0,406.0,False,1099.8,0.0,1099.8,Philadelphia,Mid-sized
A0137,PE028,3 Friday,Weigh-In,False,0.0,1725.0,False,6975.92,0.0,6975.92,Philadelphia,Mid-sized
A0138,PE028,4 Saturday,After Party,True,75.0,388.0,True,745.69,29100.0,29845.69,Philadelphia,Mid-sized
A0139,PE029,1 Wednesday,Press Conference,False,0.0,,True,495.59,,495.59,Texas,Mid-sized
A0140,PE029,2 Thursday,Open Workout,False,0.0,743.0,False,2168.31,0.0,2168.31,Texas,Mid-sized
A0141,PE029,3 Friday,Weigh-In,False,0.0,2015.0,False,6965.83,0.0,6965.83,Texas,Mid-sized
A0142,PE029,4 Saturday,After Party,True,75.0,263.0,False,850.42,19725.0,20575.42,Texas,Mid-sized
A0143,PE030,1 Wednesday,Press Conference,False,0.0,271.0,True,753.33,0.0,753.33,Texas,Mid-sized
A0144,PE030,2 Thursday,Open Workout,False,0.0,975.0,False,2547.43,0.0,2547.43,Texas,Mid-sized
A0145,PE030,3 Friday,Weigh-In,False,0.0,877.0,False,4286.39,0.0,4286.39,Texas,Mid-sized
A0146,PE030,4 Saturday,After Party,True,100.0,194.0,True,852.88,19400.0,20252.88,Texas,Mid-sized
A0147,PE031,1 Wednesday,Press Conference,False,0.0,268.0,False,1046.03,0.0,1046.03,Texas,Mid-sized
A0148,PE031,2 Thursday,Open Workout,False,0.0,1137.0,False,3608.36,0.0,3608.36,Texas,Mid-sized
A0149,PE031,3 Friday,Weigh-In,False,0.0,1116.0,False,3998.06,0.0,3998.06,Texas,Mid-sized
A0150,PE031,4 Saturday,After Party,True,150.0,392.0,True,816.5,58800.0,59616.5,Texas,Mid-sized
A0151,PE032,1 Wednesday,Press Conference,False,0.0,311.0,False,553.0,0.0,553.0,DMV,Mid-sized
A0152,PE032,2 Thursday,Open Workout,False,0.0,532.0,False,1271.26,0.0,1271.26,DMV,Mid-sized
A0153,PE032,3 Friday,Weigh-In,False,0.0,737.0,False,3062.45,0.0,3062.45,DMV,Mid-sized
A0154,PE032,4 Saturday,After Party,True,125.0,178.0,True,584.28,22250.0,22834.28,DMV,Mid-sized
A0155,PE033,1 Wednesday,Press Conference,False,0.0,191.0,True,864.82,0.0,864.82,DMV,Mid-sized
A0156,PE033,2 Thursday,Open Workout,False,0.0,780.0,False,3084.03,0.0,3084.03,DMV,Mid-sized
A0157,PE033,3 Friday,Weigh-In,False,0.0,518.0,False,2169.64,0.0,2169.64,DMV,Mid-sized
A0158,PE033,3 Friday,Fan Fest,False,0.0,2246.0,False,8640.43,0.0,8640.43,DMV,Mid-sized
A0159,PE033,4 Saturday,After Party,True,150.0,320.0,True,1117.5,48000.0,49117.5,DMV,Mid-sized
A0160,PE034,1 Wednesday,Press Conference,False,0.0,351.0,True,952.25,0.0,952.25,Texas,Mid-sized
A0161,PE034,2 Thursday,Open Workout,False,0.0,1234.0,True,3423.27,0.0,3423.27,Texas,Mid-sized
A0162,PE034,3 Friday,Weigh-In,False,0.0,1456.0,False,4137.25,0.0,4137.25,Texas,Mid-sized
A0163,PE034,4 Saturday,After Party,True,75.0,159.0,False,594.74,11925.0,12519.74,Texas,Mid-sized
A0164,PE035,1 Wednesday,Press Conference,False,0.0,347.0,True,1648.79,0.0,1648.79,Philadelphia,Mid-sized
A0165,PE035,2 Thursday,Open Workout,False,0.0,920.0,True,3544.0,0.0,3544.0,Philadelphia,Mid-sized
A0166,PE035,3 Friday,Weigh-In,False,0.0,2003.0,False,8018.79,0.0,8018.79,Philadelphia,Mid-sized
A0167,PE035,3 Friday,Fan Fest,False,0.0,2465.0,True,10978.59,0.0,10978.59,Philadelphia,Mid-sized
A0168,PE035,4 Saturday,After Party,True,150.0,185.0,True,502.2,27750.0,28252.2,Philadelphia,Mid-sized
A0169,PE036,1 Wednesday,Press Conference,False,0.0,848.0,False,3066.04,0.0,3066.04,New York,Big
A0170,PE036,2 Thursday,Open Workout,False,0.0,2593.0,False,10357.68,0.0,10357.68,New York,Big
A0171,PE036,3 Friday,Weigh-In,False,0.0,5726.0,False,29574.3,0.0,29574.3,New York,Big
A0172,PE036,3 Friday,Fan Fest,False,0.0,5597.0,False,18631.49,0.0,18631.49,New York,Big
A0173,PE036,4 Saturday,After Party,True,125.0,379.0,True,2172.6,47375.0,49547.6,New York,Big
A0174,PE037,1 Wednesday,Press Conference,False,0.0,610.0,False,2669.27,0.0,2669.27,Las Vegas,Big
A0175,PE037,2 Thursday,Open Workout,False,0.0,1268.0,False,4487.79,0.0,4487.79,Las Vegas,Big
A0176,PE037,3 Friday,Weigh-In,False,0.0,1830.0,False,4147.65,0.0,4147.65,Las Vegas,Big
A0177,PE037,3 Friday,Fan Fest,False,0.0,7593.0,False,20357.25,0.0,20357.25,Las Vegas,Big
A0178,PE037,4 Saturday,After Party,True,125.0,496.0,True,2907.7,62000.0,64907.7,Las Vegas,Big
A0179,PE037,2 Thursday,VIP Meet & Greet,True,200.0,155.0,True,396.16,31000.0,31396.16,Las Vegas,Big
A0180,PE038,1 Wednesday,Press Conference,False,0.0,1039.0,True,3147.81,0.0,3147.81,New York,Big
A0181,PE038,2 Thursday,Open Workout,False,0.0,4616.0,True,30846.73,0.0,30846.73,New York,Big
A0182,PE038,3 Friday,Weigh-In,False,0.0,7295.0,False,38575.25,0.0,38575.25,New York,Big
A0183,PE038,3 Friday,Fan Fest,False,0.0,20045.0,False,71400.88,0.0,71400.88,New York,Big
A0184,PE038,4 Saturday,After Party,True,75.0,645.0,False,1449.97,48375.0,49824.97,New York,Big
A0185,PE038,2 Thursday,VIP Meet & Greet,True,150.0,116.0,True,431.22,17400.0,17831.22,New York,Big
A0186,PE039,1 Wednesday,Press Conference,False,0.0,360.0,False,2465.67,0.0,2465.67,New York,Big
A0187,PE039,2 Thursday,Open Workout,False,0.0,1272.0,False,8234.61,0.0,8234.61,New York,Big
A0188,PE039,3 Friday,Weigh-In,False,0.0,1592.0,False,4610.78,0.0,4610.78,New York,Big
A0189,PE039,3 Friday,Fan Fest,False,0.0,5569.0,False,12491.97,0.0,12491.97,New York,Big
A0190,PE039,4 Saturday,After Party,True,75.0,743.0,True,2939.48,55725.0,58664.48,New York,Big
A0191,PE039,2 Thursday,VIP Meet & Greet,True,150.0,148.0,True,433.28,22200.0,22633.28,New York,Big
A0192,PE040,1 Wednesday,Press Conference,False,0.0,,False,3723.04,,3723.04,Atlanta,Big
A0193,PE040,2 Thursday,Open Workout,False,0.0,4574.0,False,17779.38,0.0,17779.38,Atlanta,Big
A0194,PE040,3 Friday,Weigh-In,False,0.0,6188.0,False,18004.83,0.0,18004.83,Atlanta,Big
A0195,PE040,3 Friday,Fan Fest,False,0.0,25704.0,False,80392.08,0.0,80392.08,Atlanta,Big
A0196,PE040,4 Saturday,After Party,True,100.0,370.0,True,2504.37,37000.0,39504.37,Atlanta,Big
A0197,PE040,2 Thursday,VIP Meet & Greet,True,250.0,87.0,False,409.96,21750.0,22159.96,Atlanta,Big
A0198,PE041,1 Wednesday,Press Conference,False,0.0,354.0,False,1229.97,0.0,1229.97,Philadelphia,Mid-sized
A0199,PE041,2 Thursday,Open Workout,False,0.0,989.0,True,1417.34,0.0,1417.34,Philadelphia,Mid-sized
A0200,PE041,3 Friday,Weigh-In,False,0.0,1281.0,False,3398.35,0.0,3398.35,Philadelphia,Mid-sized
A0201,PE041,3 Friday,Fan Fest,False,0.0,2333.0,True,5042.21,0.0,5042.21,Philadelphia,Mid-sized
A0202,PE041,4 Saturday,After Party,True,150.0,207.0,True,360.73,31050.0,31410.73,Philadelphia,Mid-sized
A0203,PE042,1 Wednesday,Press Conference,False,0.0,589.0,False,4122.33,0.0,4122.33,Las Vegas,Big
A0204,PE042,2 Thursday,Open Workout,False,0.0,,False,17676.39,,17676.39,Las Vegas,Big
A0205,PE042,3 Friday,Weigh-In,False,0.0,5677.0,False,39454.0,0.0,39454.0,Las Vegas,Big
A0206,PE042,3 Friday,Fan Fest,False,0.0,4994.0,False,12224.14,0.0,12224.14,Las Vegas,Big
A0207,PE042,4 Saturday,After Party,True,125.0,435.0,False,919.68,54375.0,55294.68,Las Vegas,Big
A0208,PE042,2 Thursday,VIP Meet & Greet,True,250.0,117.0,False,815.83,29250.0,30065.83,Las Vegas,Big
A0209,PE043,1 Wednesday,Press Conference,False,0.0,958.0,False,3187.43,0.0,3187.43,Atlanta,Big
A0210,PE043,2 Thursday,Open Workout,False,0.0,2945.0,False,6282.02,0.0,6282.02,Atlanta,Big
A0211,PE043,3 Friday,Weigh-In,False,0.0,4938.0,False,12352.81,0.0,12352.81,Atlanta,Big
A0212,PE043,3 Friday,Fan Fest,False,0.0,,False,38404.22,,38404.22,Atlanta,Big
A0213,PE043,4 Saturday,After Party,True,150.0,790.0,True,4964.04,118500.0,123464.04,Atlanta,Big
A0214,PE043,2 Thursday,VIP Meet & Greet,True,250.0,130.0,False,714.32,32500.0,33214.32,Atlanta,Big
A0215,PE044,1 Wednesday,Press Conference,False,0.0,786.0,True,4245.88,0.0,4245.88,Las Vegas,Big
A0216,PE044,2 Thursday,Open Workout,False,0.0,2603.0,False,15908.51,0.0,15908.51,Las Vegas,Big
A0217,PE044,3 Friday,Weigh-In,False,0.0,3720.0,False,18015.52,0.0,18015.52,Las Vegas,Big
A0218,PE044,3 Friday,Fan Fest,False,0.0,7337.0,False,29004.05,0.0,29004.05,Las Vegas,Big
A0219,PE044,4 Saturday,After Party,True,100.0,430.0,True,1779.33,43000.0,44779.33,Las Vegas,Big
A0220,PE045,1 Wednesday,Press Conference,False,0.0,922.0,False,2593.96,0.0,2593.96,Las Vegas,Big
A0221,PE045,2 Thursday,Open Workout,False,0.0,2568.0,True,5779.82,0.0,5779.82,Las Vegas,Big
A0222,PE045,3 Friday,Weigh-In,False,0.0,5437.0,False,11161.72,0.0,11161.72,Las Vegas,Big
A0223,PE045,3 Friday,Fan Fest,False,0.0,11908.0,False,78562.88,0.0,78562.88,Las Vegas,Big
A0224,PE045,4 Saturday,After Party,True,75.0,611.0,False,1415.59,45825.0,47240.59,Las Vegas,Big
A0225,PE046,1 Wednesday,Press Conference,False,0.0,,False,1587.25,,1587.25,Texas,Mid-sized
A0226,PE046,2 Thursday,Open Workout,False,0.0,807.0,False,3278.21,0.0,3278.21,Texas,Mid-sized
A0227,PE046,3 Friday,Weigh-In,False,0.0,994.0,False,3331.33,0.0,3331.33,Texas,Mid-sized
A0228,PE046,3 Friday,Fan Fest,False,0.0,1359.0,False,5185.18,0.0,5185.18,Texas,Mid-sized
A0229,PE046,4 Saturday,After Party,True,150.0,325.0,True,1090.02,48750.0,49840.02,Texas,Mid-sized
A0230,PE047,1 Wednesday,Press Conference,False,0.0,133.0,False,244.63,0.0,244.63,Philadelphia,Mid-sized
A0231,PE047,2 Thursday,Open Workout,False,0.0,272.0,False,984.94,0.0,984.94,Philadelphia,Mid-sized
A0232,PE047,3 Friday,Weigh-In,False,0.0,877.0,False,2772.93,0.0,2772.93,Philadelphia,Mid-sized
A0233,PE047,3 Friday,Fan Fest,False,0.0,1276.0,False,5791.6,0.0,5791.6,Philadelphia,Mid-sized
A0234,PE047,4 Saturday,After Party,True,150.0,277.0,True,418.31,41550.0,41968.31,Philadelphia,Mid-sized
A0235,PE048,1 Wednesday,Press Conference,False,0.0,557.0,False,2329.16,0.0,2329.16,Atlanta,Big
A0236,PE048,2 Thursday,Open Workout,False,0.0,2786.0,True,18024.17,0.0,18024.17,Atlanta,Big
A0237,PE048,3 Friday,Weigh-In,False,0.0,3675.0,False,7605.52,0.0,7605.52,Atlanta,Big
A0238,PE048,3 Friday,Fan Fest,False,0.0,15116.0,False,103390.43,0.0,103390.43,Atlanta,Big
A0239,PE048,4 Saturday,After Party,True,125.0,342.0,True,1577.98,42750.0,44327.98,Atlanta,Big
A0240,PE048,2 Thursday,VIP Meet & Greet,True,150.0,149.0,True,556.34,22350.0,22906.34,Atlanta,Big
A0241,PE049,1 Wednesday,Press Conference,False,0.0,556.0,False,2576.83,0.0,2576.83,Las Vegas,Big
A0242,PE049,2 Thursday,Open Workout,False,0.0,2648.0,True,13791.9,0.0,13791.9,Las Vegas,Big
A0243,PE049,3 Friday,Weigh-In,False,0.0,5230.0,False,25718.8,0.0,25718.8,Las Vegas,Big
A0244,PE049,3 Friday,Fan Fest,False,0.0,9409.0,False,60214.63,0.0,60214.63,Las Vegas,Big
A0245,PE049,4 Saturday,After Party,True,125.0,572.0,False,1440.69,71500.0,72940.69,Las Vegas,Big
A0246,PE050,1 Wednesday,Press Conference,False,0.0,423.0,True,1573.96,0.0,1573.96,Las Vegas,Big
A0247,PE050,2 Thursday,Open Workout,False,0.0,903.0,True,6069.5,0.0,6069.5,Las Vegas,Big
A0248,PE050,3 Friday,Weigh-In,False,0.0,1362.0,True,4023.12,0.0,4023.12,Las Vegas,Big
A0249,PE050,3 Friday,Fan Fest,False,0.0,5663.0,False,35827.01,0.0,35827.01,Las Vegas,Big
A0250,PE050,4 Saturday,After Party,True,100.0,536.0,True,2300.02,53600.0,55900.02,Las Vegas,Big
A0251,PE050,2 Thursday,VIP Meet & Greet,True,200.0,96.0,True,332.92,19200.0,19532.92,Las Vegas,Big
A0252,PE051,1 Wednesday,Press Conference,False,0.0,507.0,False,1988.42,0.0,1988.42,New York,Big
A0253,PE051,2 Thursday,Open Workout,False,0.0,4146.0,False,22043.39,0.0,22043.39,New York,Big
A0254,PE051,3 Friday,Weigh-In,False,0.0,7756.0,False,35741.9,0.0,35741.9,New York,Big
A0255,PE051,3 Friday,Fan Fest,False,0.0,10619.0,False,53032.22,0.0,53032.22,New York,Big
A0256,PE051,4 Saturday,After Party,True,150.0,875.0,False,4659.53,131250.0,135909.53,New York,Big
A0257,PE051,2 Thursday,VIP Meet & Greet,True,150.0,99.0,True,220.39,14850.0,15070.39,New York,Big
