Event_ID,Event_Date,City,State,Venue,Venue_Capacity,Latitude,Longitude,Headliner,Headliner_Tier,Headliner_Is_Local,Tickets_Sold,DAZN_Rights_Fee,Team_Hotel_Rate
PE001,27-Jan-2024,BKLYN,NY,Brooklyn Harbor Arena,17000,40.6826,-73.9754,Darius Montoya,TITLE,Yes,12655,"1,350,000",260
PE002,2024-01-27,"Houston, TX",TX,Gulf Coast Arena,18000,29.7508,-95.3621,Brianna Ortega,Contender,0,6944,"$300,000.00",170
PE003,2024-02-24,ATL,GA,Peachtree Arena,17000,33.7573,-84.3963,Luis Reyes,Title,0,"16,320",$1070K,210
PE004,2024-03-23,Philly,PA,Liberty Hall,"5,500",39.9526,-75.1652,Rashad Holloway,Contender,No,4205,"$310,000.00",185
PE005,2024-04-06,National Harbor,MD,Harbor Casino Theater,4500,38.7964,-77.0081,Omar Ruiz,Contender,FALSE,2953,"$300,000.00",190
PE006,2024-04-27,NYC,NY,Empire Garden Arena,"19,000",40.7505,-73.9934,Isaiah Castillo,Title,0,13928,$1.26M,260
PE007,2024-05-25,Las Vegas,NV,Desert Grand Arena,17000,36.1029,-115.1784,Omar Banks, Star ,Yes,17000,$2.14M,220
PE008,2024-06-08,DC,DC,Capitol Arena,18000,38.8981,-77.0209,Nia Okafor,Contender,0,6905,$330K,190
PE009,08/10/2024,NYC,NY,Empire Garden Arena,19000,40.7505,-73.9934,Rashad Montoya,Title,N,12605,"1,260,000",260
PE010,"August 17, 2024",Vegas,NV,Desert Grand Arena,"17,000",36.1029,-115.1784,Javier Fairley,Star,FALSE,14820,"1,690,000",220
PE011,2024-08-17,"Houston, TX",TX,Bayou Event Center,"7,500",29.7,-95.4,Ramon Mendoza,Contender,Y,6070,350000,170
PE012,2024-08-24,"Philadelphia, PA",PA,Liberty Hall,5500,39.9526,-75.1652,Isaiah Salazar,Contender,FALSE,"4,118","320,000",185
PE013,2024-09-07,New York,NY,Empire Garden Arena,"19,000",40.7505,-73.9934,Ximena Castillo,Star,No,15836,"$2,010,000.00",260
PE014,2024-09-14,Washington,DC,Anacostia Event Center,6000,38.8623,-76.9951,Angel Brooks,Title,0,3930,"380,000",190
PE015,09/28/2024,LAS VEGAS,NV,Desert Grand Arena,17000,36.1029,-115.1784,Devonte Banks,Star,N,15029,$2000K,220
PE016,"November 16, 2024","Oxon Hill, MD",MD,Harbor Casino Theater,4500,38.7964,-77.0081,Andre Navarro,Contender,N,"3,006",$330K,190
PE017,12/14/2024,Washington DC,DC,Anacostia Event Center,6000,38.8623,-76.9951,Devonte Castillo,Contender,0,"4,061",$340K,190
PE018,2025-01-04,New York,NY,Empire Garden Arena,19000,40.7505,-73.9934,Diego Holloway,Title,Y,13956,"1,210,000",260
PE019,2025-02-01,Vegas,NV,Desert Grand Arena,17000,36.1029,-115.1784,Javier Coleman,Title,1,12286,$1140K,220
PE020,02/15/2025,Washington,DC,Anacostia Event Center,6000,38.8623,-76.9951,Luis Chavez,Contender,Y,5209,"$260,000.00",190
PE021,2025-03-01,"San Antonio, TX",TX,Alamo City Hall,"6,000",29.4241,-98.4936,Ximena Mendoza,Title,Yes,5548,"380,000",170
PE022,03/29/2025,Philadelphia,PA,Liberty Hall,5500,39.9526,-75.1652,Ramon Archuleta,Contender,No,3523,$260K,185
PE023,04/05/2025,"Washington, D.C.",DC,Anacostia Event Center,6000,38.8623,-76.9951,Keyana Fairley,Title,Y,5826,370000,190
PE024,2025-04-19,NYC,NY,Empire Garden Arena,19000,40.7505,-73.9934,Darius Holloway,star,0,"16,126",$2040K,260
PE025,"April 26, 2025",Houston,TX,Bayou Event Center,7500,29.7,-95.4,Diego Chavez,Contender,1,"7,121",$260K,170
PE026,2025-05-24,"Philadelphia, PA",PA,South Philly Arena,19000,39.9012,-75.172,Angel Dunbar,Title,No,9155,360000,185
PE027,06/21/2025,Las Vegas,NV,Desert Grand Arena,17000,36.1029,-115.1784,Terrell Brooks,Star,0,"15,418",$1670K,220
PE028,2025-06-28,"Philadelphia, PA",PA,Riverfront Casino Event Center,"4,000",39.97,-75.13,Tyrese Archuleta, Contender ,1,3589,$290K,185
PE029,2025-08-09,"Houston, TX",TX,Bayou Event Center,7500,29.7,-95.4,Elijah Ortega,Title,FALSE,5105,440000,170
PE030,09-Aug-2025,H-Town,TX,Gulf Coast Arena,18000,29.7508,-95.3621,Angel Ortega,Title,N,"8,488",$370K,170
PE031,"August 30, 2025","San Antonio, TX",TX,Alamo City Hall,"6,000",29.4241,-98.4936,Tyrese Reyes,Contender,1,5159,320000,170
PE032,2025-09-06,"Washington, D.C.",DC,Capitol Arena,18000,38.8981,-77.0209,Xavier Archuleta,Title,No,8788,"370,000",190
PE033,09/13/2025,"Oxon Hill, MD",MD,Harbor Casino Theater,4500,38.7964,-77.0081,Kofi Simms,CONTENDER,No,2961,$320K,190
PE034,"September 20, 2025",H-Town,TX,Bayou Event Center,7500,29.7,-95.4,Keyana Okafor,Title,Y,7075,$420K,170
PE035,"October 04, 2025",PHL,PA,Riverfront Casino Event Center,"4,000",39.97,-75.13,Ramon Salazar,Contender,Y,3299,340000,185
PE036,2025-10-11,NYC,NY,Empire Garden Arena,19000,40.7505,-73.9934,Omar Chavez,Star,N,"15,927","$2,110,000.00",260
PE037,2025-11-08,LAS VEGAS,NV,Desert Grand Arena,"17,000",36.1029,-115.1784,Terrell Banks,Title,FALSE,10829,$1.03M,220
PE038,"November 22, 2025",new york,NY,Empire Garden Arena,19000,40.7505,-73.9934,Angel Navarro,Star,TRUE,"19,000",$1.78M,260
PE039,11/29/2025,Brooklyn,NY,Brooklyn Harbor Arena,17000,40.6826,-73.9754,Kofi Grant,Title,No,11643,"1,140,000",260
PE040,2026-01-03,Atlanta,GA,Peachtree Arena,17000,33.7573,-84.3963,Nia Carter,Star,1,"17,000",$2190K,210
PE041,01/10/2026,Philly,PA,Riverfront Casino Event Center,4000,39.97,-75.13,Javier Dunbar,Title,No,"3,040",$430K,185
PE042,01/17/2026,Las Vegas,NV,Desert Grand Arena,17000,36.1029,-115.1784,Omar Coleman,Title,Yes,11276,$960K,220
PE043,2026-01-24,"Atlanta, GA",GA,Peachtree Arena,17000,33.7573,-84.3963,Isaiah Ruiz, Title ,N,"16,320",$1.11M,210
PE044,01/24/2026,Vegas,NV,Desert Grand Arena,17000,36.1029,-115.1784,Omar Padilla,Star,No,15576,$1750K,220
PE045,03/07/2026,Vegas,NV,Desert Grand Arena,17000,36.1029,-115.1784,Xavier Brooks,Star,FALSE,15505,$1720K,220
PE046,2026-04-18,SA,TX,Alamo City Hall,6000,29.4241,-98.4936,Darius Coleman,Contender,TRUE,5217,"270,000",170
PE047,23-May-2026,Philly,PA,South Philly Arena,19000,39.9012,-75.172,Ramon Ruiz,Contender,N,"7,491",$280K,185
PE048,30-May-2026,"Atlanta, GA",GA,Peachtree Arena,17000,33.7573,-84.3963,Andre Fairley,Title,FALSE,16320,"$1,180,000.00",210
PE049,"August 01, 2026",Vegas,NV,Paradise Arena,"15,000",36.107,-115.17,Keyana Lattimore,Title,1,11529,"$970,000.00",220
PE050,"August 22, 2026",Vegas,NV,Desert Grand Arena,"17,000",36.1029,-115.1784,Isaiah Coleman,Title,N,10854,910000,220
PE051,2026-08-29,"Brooklyn, NY",NY,Brooklyn Harbor Arena,"17,000",40.6826,-73.9754,Ramon Vega,Star,Y,16226,"1,820,000",260
PE008,2024-06-08,DC,DC,Capitol Arena,18000,38.8981,-77.0209,Nia Okafor,Contender,0,6905,$330K,190
PE032,2025-09-06,"Washington, D.C.",DC,Capitol Arena,18000,38.8981,-77.0209,Xavier Archuleta,Title,No,8788,"370,000",190
