Block_ID,Event_ID,Hotel,Rooms_Blocked,Rooms_Picked_Up,Nights,Nightly_Rate,Commission_Pct
R0001,PE001,Metro Plaza Inn,315,181,3,405,10%
R0002,PE001,Union Square Hotel,134,64,3,370,10%
R0003,PE002,Skyline Court Hotel,98,54,3,$178,0.08
R0004,PE002,Union Square Hotel,81,30,2,232,10%
R0005,PE002,Ringside Suites,143,67,3,169,10%
R0006,PE003,Skyline Court Hotel,278,104,3,291,10
R0007,PE004,Grandview Hotel,81,34,2,$174,0.1
R0008,PE004,Champion Lodge,229,85,2,157.00,10
R0009,PE005,Champion Lodge,81,46,2,147,12
R0010,PE005,Ringside Suites,181,79,2,225,10
R0011,PE005,Skyline Court Hotel,187,93,2,211,10%
R0012,PE006,Skyline Court Hotel,183,103,3,401.00,0.08
R0013,PE006,Metro Plaza Inn,338,133,2,$228,8
R0014,PE007,Ringside Suites,321,145,2,$326,8%
R0015,PE007,Grandview Hotel,384,127,2,$308,8%
R0016,PE007,Metro Plaza Inn,243,99,3,261,0.1
R0017,PE008,Ringside Suites,117,41,3,236,10
R0018,PE008,Champion Lodge,143,70,3,216.00,12
R0019,PE008,Metro Plaza Inn,129,44,3,190.00,8
R0020,PE009,Champion Lodge,202,87,2,256.00,0.1
R0021,PE009,Metro Plaza Inn,381,159,3,282,8%
R0022,PE009,Union Square Hotel,186,95,3,213.00,0.1
R0023,PE010,Ringside Suites,367,118,3,232,0.1
R0024,PE010,Champion Lodge,207,106,2,202.00,12
R0025,PE010,Grandview Hotel,203,95,3,$336,10
R0026,PE011,Ringside Suites,194,65,3,194.00,0.08
R0027,PE011,Skyline Court Hotel,158,73,3,124.00,0.1
R0028,PE012,Skyline Court Hotel,219,121,3,187,10
R0029,PE013,Union Square Hotel,280,107,2,244,8%
R0030,PE014,Metro Plaza Inn,188,95,3,133.00,8%
R0031,PE014,Grandview Hotel,181,97,3,122.00,10%
R0032,PE015,Ringside Suites,149,80,3,378.00,12
R0033,PE015,Skyline Court Hotel,358,137,3,263,0.1
R0034,PE015,Champion Lodge,350,112,3,$360,0.1
R0035,PE016,Skyline Court Hotel,164,52,2,254,0.12
R0036,PE016,Ringside Suites,215,102,3,175.00,10
R0037,PE017,Champion Lodge,212,115,3,$196,12%
R0038,PE017,Skyline Court Hotel,77,36,3,194,10
R0039,PE018,Grandview Hotel,164,92,3,252,8%
R0040,PE019,Union Square Hotel,398,168,2,368,12
R0041,PE020,Metro Plaza Inn,110,46,2,242,8%
R0042,PE021,Skyline Court Hotel,236,89,3,138.00,12
R0043,PE021,Union Square Hotel,205,82,2,$208,8
R0044,PE022,Champion Lodge,236,117,3,180,8%
R0045,PE022,Ringside Suites,224,74,2,206,0.1
R0046,PE023,Grandview Hotel,81,32,3,169.00,10
R0047,PE023,Ringside Suites,237,116,2,179.00,10
R0048,PE023,Champion Lodge,95,37,3,231,10%
R0049,PE024,Grandview Hotel,244,115,2,195,10%
R0050,PE024,Metro Plaza Inn,262,98,3,300.00,10%
R0051,PE024,Champion Lodge,168,53,3,$203,0.08
R0052,PE025,Grandview Hotel,156,73,3,148,8
R0053,PE025,Metro Plaza Inn,200,97,3,177,12%
R0054,PE025,Ringside Suites,65,33,2,180,8
R0055,PE026,Skyline Court Hotel,164,66,3,182.00,10%
R0056,PE026,Metro Plaza Inn,76,35,3,214.00,10
R0057,PE026,Union Square Hotel,135,75,3,$249,0.12
R0058,PE027,Union Square Hotel,373,172,2,193.00,0.1
R0059,PE028,Metro Plaza Inn,88,46,3,129,12%
R0060,PE029,Metro Plaza Inn,70,31,2,191.00,10%
R0061,PE030,Union Square Hotel,215,120,3,$209,12
R0062,PE031,Skyline Court Hotel,183,62,3,201,10
R0063,PE032,Union Square Hotel,195,90,2,250,0.1
R0064,PE032,Grandview Hotel,227,82,3,134.00,0.08
R0065,PE032,Champion Lodge,65,36,2,$146,8%
R0066,PE033,Skyline Court Hotel,186,91,3,$202,12%
R0067,PE034,Ringside Suites,136,75,3,$245,8%
R0068,PE034,Skyline Court Hotel,128,51,3,134.00,0.1
R0069,PE035,Metro Plaza Inn,145,47,3,$239,10%
R0070,PE035,Ringside Suites,111,54,3,260,0.08
R0071,PE035,Union Square Hotel,128,51,2,150,10
R0072,PE036,Ringside Suites,370,203,2,386.00,10
R0073,PE036,Union Square Hotel,412,202,3,$284,10
R0074,PE037,Champion Lodge,179,101,2,213,0.1
R0075,PE037,Skyline Court Hotel,250,118,3,$354,10
R0076,PE037,Grandview Hotel,195,83,3,236,0.12
R0077,PE038,Grandview Hotel,358,175,2,219,10
R0078,PE039,Union Square Hotel,216,93,3,251,12%
R0079,PE039,Ringside Suites,161,90,3,320.00,10
R0080,PE039,Grandview Hotel,348,187,2,$321,8%
R0081,PE040,Metro Plaza Inn,415,161,3,249.00,10%
R0082,PE040,Grandview Hotel,268,147,3,$319,0.1
R0083,PE041,Union Square Hotel,80,36,3,$157,0.1
R0084,PE041,Champion Lodge,82,42,3,238.00,10%
R0085,PE042,Champion Lodge,206,98,3,238,10
R0086,PE042,Union Square Hotel,244,102,3,$265,0.12
R0087,PE042,Skyline Court Hotel,320,138,3,190.00,8%
R0088,PE043,Metro Plaza Inn,292,145,3,223.00,0.08
R0089,PE043,Skyline Court Hotel,312,111,2,180.00,8
R0090,PE044,Metro Plaza Inn,194,67,3,323.00,8%
R0091,PE044,Ringside Suites,129,70,3,328.00,10
R0092,PE044,Grandview Hotel,262,124,2,367.00,0.12
R0093,PE045,Metro Plaza Inn,148,82,2,$340,0.12
R0094,PE045,Champion Lodge,236,106,3,$331,8
R0095,PE045,Skyline Court Hotel,365,167,3,$309,0.1
R0096,PE046,Metro Plaza Inn,203,87,3,238.00,10%
R0097,PE046,Skyline Court Hotel,135,69,3,$195,0.1
R0098,PE047,Ringside Suites,216,104,2,260,12%
R0099,PE047,Grandview Hotel,210,109,3,241.00,12
R0100,PE048,Skyline Court Hotel,361,185,3,169,0.08
R0101,PE048,Union Square Hotel,343,154,3,278,10%
R0102,PE049,Skyline Court Hotel,325,121,3,300,12
R0103,PE050,Ringside Suites,297,106,3,205.00,0.1
R0104,PE051,Union Square Hotel,333,128,3,$205,10
R0105,PE051,Ringside Suites,339,110,2,260,12%
R0106,PE051,Grandview Hotel,119,43,3,211.00,0.12
